/******************************************************************************/
/***         Generated by IBExpert 2012.5.19.1 22/05/2019 20:30:19          ***/
/******************************************************************************/

SET SQL DIALECT 3;

SET NAMES NONE;

CREATE DATABASE 'C:\TCC\develop\db\banco.fdb'
USER 'SYSDBA' PASSWORD 'masterkey'
PAGE_SIZE 16384
DEFAULT CHARACTER SET NONE COLLATION NONE;



/******************************************************************************/
/***                                 Tables                                 ***/
/******************************************************************************/



CREATE TABLE ACADEMICO_GRADE (
    ACG_CODIGO      INTEGER NOT NULL,
    ACG_CURSO       INTEGER NOT NULL,
    ACG_DISCIPLINA  INTEGER NOT NULL,
    ACG_SERIE       INTEGER NOT NULL,
    ACG_ACADEMICO   VARCHAR(20) NOT NULL,
    ACG_ANOLETIVO   INTEGER NOT NULL
);

CREATE TABLE CURSOS (
    CUR_CODIGO        INTEGER NOT NULL,
    CUR_NOME          VARCHAR(200) NOT NULL,
    CUR_DURACAO       INTEGER NOT NULL,
    CUR_TIPO_DURACAO  VARCHAR(1) DEFAULT 'A' NOT NULL,
    CUR_PERIODO       VARCHAR(1) DEFAULT 'N' NOT NULL,
    CUR_NIVEL         VARCHAR(1) DEFAULT 'G' NOT NULL,
    CUR_CARGAHORARIA  INTEGER NOT NULL,
    CUR_DEPARTAMENTO  INTEGER NOT NULL
);

CREATE TABLE DEPARTAMENTOS (
    DEP_CODIGO     INTEGER NOT NULL,
    DEP_DESCRICAO  VARCHAR(200) NOT NULL
);

CREATE TABLE DISCIPLINAS (
    DIS_CODIGO     INTEGER NOT NULL,
    DIS_DESCRICAO  VARCHAR(200) NOT NULL
);

CREATE TABLE FREQUENCIA (
    FRE_CODIGO       INTEGER NOT NULL,
    FRE_ACADEMICO    VARCHAR(20) NOT NULL,
    FRE_CURSO        INTEGER NOT NULL,
    FRE_DISCIPLINA   INTEGER NOT NULL,
    FRE_SERIE        INTEGER NOT NULL,
    FRE_PROFESSOR    VARCHAR(20) NOT NULL,
    FRE_DATA         DATE DEFAULT CURRENT_DATE NOT NULL,
    FRE_HORARIO      INTEGER NOT NULL,
    FRE_ANOLETIVO    INTEGER NOT NULL,
    FRE_BIMESTRE     INTEGER DEFAULT 1 NOT NULL,
    FRE_DIADASEMANA  INTEGER DEFAULT 1 NOT NULL,
    FRE_COMPARECEU   VARCHAR(1) NOT NULL
);

CREATE TABLE GRADE_CURRICULAR (
    GRC_CURSO                INTEGER NOT NULL,
    GRC_DISCIPLINA           INTEGER NOT NULL,
    GRC_SERIE                INTEGER NOT NULL,
    GRC_CARGAHORARIATOTAL    INTEGER NOT NULL,
    GRC_CARGAHORARIASEMANAL  INTEGER NOT NULL
);

CREATE TABLE HORARIOS (
    HOR_CODIGO       INTEGER NOT NULL,
    HOR_DESCRICAO    VARCHAR(200) NOT NULL,
    HOR_QTD_AULA     INTEGER DEFAULT 1 NOT NULL,
    HOR_ORDEM_AULA   INTEGER DEFAULT 1 NOT NULL,
    HOR_HORA_INICIO  TIME DEFAULT CURRENT_TIME NOT NULL,
    HOR_HORA_FIM     TIME DEFAULT CURRENT_TIME NOT NULL,
    HOR_DURACAO      TIME NOT NULL
);

CREATE TABLE PESSOAS (
    PES_CODIGO          INTEGER NOT NULL,
    PES_CPFCNPJ         VARCHAR(20) NOT NULL,
    PES_GENERO          VARCHAR(1) DEFAULT 'F' NOT NULL,
    PES_DATANASCIMENTO  DATE,
    PES_TIPOPESSOA      VARCHAR(1) DEFAULT 'F' NOT NULL,
    PES_NOMECOMPLETO    VARCHAR(60) NOT NULL
);

CREATE TABLE PROFESSOR_HORARIO (
    PFH_CURSO        INTEGER NOT NULL,
    PFH_DISCIPLINA   INTEGER NOT NULL,
    PFH_SERIE        INTEGER NOT NULL,
    PFH_PROFESSOR    VARCHAR(20) NOT NULL,
    PFH_HORARIO      INTEGER NOT NULL,
    PFH_ANOLETIVO    INTEGER NOT NULL,
    PFH_DIADASEMANA  INTEGER DEFAULT 1 NOT NULL
);

INSERT INTO CURSOS (CUR_CODIGO, CUR_NOME, CUR_DURACAO, CUR_TIPO_DURACAO, CUR_PERIODO, CUR_NIVEL, CUR_CARGAHORARIA, CUR_DEPARTAMENTO) VALUES (1, 'ADMINISTRACAO', 4, 'A', 'N', 'G', 3140, 1);
INSERT INTO CURSOS (CUR_CODIGO, CUR_NOME, CUR_DURACAO, CUR_TIPO_DURACAO, CUR_PERIODO, CUR_NIVEL, CUR_CARGAHORARIA, CUR_DEPARTAMENTO) VALUES (2, 'CIENCIA DA COMPUTACAO', 4, 'A', 'N', 'G', 3280, 2);

COMMIT WORK;

INSERT INTO DISCIPLINAS (DIS_CODIGO, DIS_DESCRICAO) VALUES (1, 'MATEMATICA DISCRETA');
INSERT INTO DISCIPLINAS (DIS_CODIGO, DIS_DESCRICAO) VALUES (2, 'BANCO DE DADOS');
INSERT INTO DISCIPLINAS (DIS_CODIGO, DIS_DESCRICAO) VALUES (3, 'PROGRAMACAO ORIENTADO A OBJETO');
INSERT INTO DISCIPLINAS (DIS_CODIGO, DIS_DESCRICAO) VALUES (4, 'CONTABILIDADE GERAL');
INSERT INTO DISCIPLINAS (DIS_CODIGO, DIS_DESCRICAO) VALUES (5, 'FUNDAMENTOS DA ADMINISTRACAO');

COMMIT WORK;

INSERT INTO GRADE_CURRICULAR (GRC_CURSO, GRC_DISCIPLINA, GRC_SERIE, GRC_CARGAHORARIATOTAL, GRC_CARGAHORARIASEMANAL) VALUES (2, 2, 2, 70, 2);
INSERT INTO GRADE_CURRICULAR (GRC_CURSO, GRC_DISCIPLINA, GRC_SERIE, GRC_CARGAHORARIATOTAL, GRC_CARGAHORARIASEMANAL) VALUES (2, 3, 3, 140, 4);
INSERT INTO GRADE_CURRICULAR (GRC_CURSO, GRC_DISCIPLINA, GRC_SERIE, GRC_CARGAHORARIATOTAL, GRC_CARGAHORARIASEMANAL) VALUES (2, 1, 1, 70, 2);
INSERT INTO GRADE_CURRICULAR (GRC_CURSO, GRC_DISCIPLINA, GRC_SERIE, GRC_CARGAHORARIATOTAL, GRC_CARGAHORARIASEMANAL) VALUES (1, 4, 1, 140, 4);
INSERT INTO GRADE_CURRICULAR (GRC_CURSO, GRC_DISCIPLINA, GRC_SERIE, GRC_CARGAHORARIATOTAL, GRC_CARGAHORARIASEMANAL) VALUES (1, 5, 1, 140, 4);

COMMIT WORK;

INSERT INTO PESSOAS (PES_CODIGO, PES_CPFCNPJ, PES_GENERO, PES_DATANASCIMENTO, PES_TIPOPESSOA, PES_NOMECOMPLETO) VALUES (1, '111.111.111-11', 'M', '1990-01-01', 'F', 'JOSE DA SILVA');
INSERT INTO PESSOAS (PES_CODIGO, PES_CPFCNPJ, PES_GENERO, PES_DATANASCIMENTO, PES_TIPOPESSOA, PES_NOMECOMPLETO) VALUES (2, '222.222.222-22', 'F', '1990-01-01', 'F', 'CECILIA EMACULADA');
INSERT INTO PESSOAS (PES_CODIGO, PES_CPFCNPJ, PES_GENERO, PES_DATANASCIMENTO, PES_TIPOPESSOA, PES_NOMECOMPLETO) VALUES (3, '333.333.333-33', 'M', '1990-01-01', 'F', 'MATHEUS SANTOS');
INSERT INTO PESSOAS (PES_CODIGO, PES_CPFCNPJ, PES_GENERO, PES_DATANASCIMENTO, PES_TIPOPESSOA, PES_NOMECOMPLETO) VALUES (4, '444.444.444-44', 'F', '1990-01-01', 'F', 'JOAQUINA DA SILVA');
INSERT INTO PESSOAS (PES_CODIGO, PES_CPFCNPJ, PES_GENERO, PES_DATANASCIMENTO, PES_TIPOPESSOA, PES_NOMECOMPLETO) VALUES (5, '555.555.555-55', 'M', '1990-01-01', 'F', 'RAFAEL DA SILVA');
INSERT INTO PESSOAS (PES_CODIGO, PES_CPFCNPJ, PES_GENERO, PES_DATANASCIMENTO, PES_TIPOPESSOA, PES_NOMECOMPLETO) VALUES (6, '666.666.666-66', 'M', '1990-01-01', 'F', 'PAULO MUNHOZ DOS SANTOS');
INSERT INTO PESSOAS (PES_CODIGO, PES_CPFCNPJ, PES_GENERO, PES_DATANASCIMENTO, PES_TIPOPESSOA, PES_NOMECOMPLETO) VALUES (7, '777.777.777-77', 'F', '1990-01-01', 'F', 'MARIA DA SILVA');
INSERT INTO PESSOAS (PES_CODIGO, PES_CPFCNPJ, PES_GENERO, PES_DATANASCIMENTO, PES_TIPOPESSOA, PES_NOMECOMPLETO) VALUES (8, '888.888.888-88', 'F', '1990-01-01', 'F', 'FERNANDA SANTOS');
INSERT INTO PESSOAS (PES_CODIGO, PES_CPFCNPJ, PES_GENERO, PES_DATANASCIMENTO, PES_TIPOPESSOA, PES_NOMECOMPLETO) VALUES (9, '999.999.999-99', 'F', '1990-01-01', 'F', 'ROBERTA MORAIS');
INSERT INTO PESSOAS (PES_CODIGO, PES_CPFCNPJ, PES_GENERO, PES_DATANASCIMENTO, PES_TIPOPESSOA, PES_NOMECOMPLETO) VALUES (10, '111.222.111-11', 'M', '1990-01-01', 'F', 'RAFAEL JOSE MATIA DE SA TELES');
INSERT INTO PESSOAS (PES_CODIGO, PES_CPFCNPJ, PES_GENERO, PES_DATANASCIMENTO, PES_TIPOPESSOA, PES_NOMECOMPLETO) VALUES (11, '111.999.666-99', 'F', '1990-01-01', 'F', 'EMANOELA DE MORAIS');
INSERT INTO PESSOAS (PES_CODIGO, PES_CPFCNPJ, PES_GENERO, PES_DATANASCIMENTO, PES_TIPOPESSOA, PES_NOMECOMPLETO) VALUES (12, '222.333.222-22', 'F', '1990-01-01', 'F', 'CLARA EMANOELA');
INSERT INTO PESSOAS (PES_CODIGO, PES_CPFCNPJ, PES_GENERO, PES_DATANASCIMENTO, PES_TIPOPESSOA, PES_NOMECOMPLETO) VALUES (13, '333.444.333-33', 'M', '1990-01-01', 'F', 'ROBERTO JUNIOR SANTOS');
INSERT INTO PESSOAS (PES_CODIGO, PES_CPFCNPJ, PES_GENERO, PES_DATANASCIMENTO, PES_TIPOPESSOA, PES_NOMECOMPLETO) VALUES (14, '444.555.444-44', 'F', '1990-01-01', 'F', 'JOICE DA SILVA');
INSERT INTO PESSOAS (PES_CODIGO, PES_CPFCNPJ, PES_GENERO, PES_DATANASCIMENTO, PES_TIPOPESSOA, PES_NOMECOMPLETO) VALUES (15, '666.555.555-55', 'M', '1990-01-01', 'F', 'MARIO PAULO DA SILVA');
INSERT INTO PESSOAS (PES_CODIGO, PES_CPFCNPJ, PES_GENERO, PES_DATANASCIMENTO, PES_TIPOPESSOA, PES_NOMECOMPLETO) VALUES (16, '777.666.666-66', 'M', '1990-01-01', 'F', 'PAULO DOS SANTOS');
INSERT INTO PESSOAS (PES_CODIGO, PES_CPFCNPJ, PES_GENERO, PES_DATANASCIMENTO, PES_TIPOPESSOA, PES_NOMECOMPLETO) VALUES (17, '777.888.777-77', 'F', '1990-01-01', 'F', 'MARIA DA SILVA SANTOS');
INSERT INTO PESSOAS (PES_CODIGO, PES_CPFCNPJ, PES_GENERO, PES_DATANASCIMENTO, PES_TIPOPESSOA, PES_NOMECOMPLETO) VALUES (18, '888.999.888-88', 'F', '1990-01-01', 'F', 'FERNANDA DOS SANTOS');
INSERT INTO PESSOAS (PES_CODIGO, PES_CPFCNPJ, PES_GENERO, PES_DATANASCIMENTO, PES_TIPOPESSOA, PES_NOMECOMPLETO) VALUES (19, '111.999.999-99', 'F', '1990-01-01', 'F', 'MARIA MORAIS');
INSERT INTO PESSOAS (PES_CODIGO, PES_CPFCNPJ, PES_GENERO, PES_DATANASCIMENTO, PES_TIPOPESSOA, PES_NOMECOMPLETO) VALUES (20, '111.999.999-66', 'F', '1990-01-01', 'F', 'PAULA MORAIS');
INSERT INTO PESSOAS (PES_CODIGO, PES_CPFCNPJ, PES_GENERO, PES_DATANASCIMENTO, PES_TIPOPESSOA, PES_NOMECOMPLETO) VALUES (22, '777.555.666-66', 'M', '1990-01-01', 'F', 'BRITO JUNIOR');
INSERT INTO PESSOAS (PES_CODIGO, PES_CPFCNPJ, PES_GENERO, PES_DATANASCIMENTO, PES_TIPOPESSOA, PES_NOMECOMPLETO) VALUES (23, '777.888.666-77', 'F', '1990-01-01', 'F', 'MARIA FERNANDA');
INSERT INTO PESSOAS (PES_CODIGO, PES_CPFCNPJ, PES_GENERO, PES_DATANASCIMENTO, PES_TIPOPESSOA, PES_NOMECOMPLETO) VALUES (24, '888.777.888-88', 'F', '1990-01-01', 'F', 'TEREZINHA');
INSERT INTO PESSOAS (PES_CODIGO, PES_CPFCNPJ, PES_GENERO, PES_DATANASCIMENTO, PES_TIPOPESSOA, PES_NOMECOMPLETO) VALUES (25, '888.999.888-99', 'F', '1990-01-01', 'F', 'NEIDE MORAIS');
INSERT INTO PESSOAS (PES_CODIGO, PES_CPFCNPJ, PES_GENERO, PES_DATANASCIMENTO, PES_TIPOPESSOA, PES_NOMECOMPLETO) VALUES (21, '666.555.444-55', 'M', '1990-01-01', 'F', 'FERNADO SOUZA');

COMMIT WORK;

INSERT INTO ACADEMICO_GRADE (ACG_CODIGO, ACG_CURSO, ACG_DISCIPLINA, ACG_SERIE, ACG_ACADEMICO, ACG_ANOLETIVO) VALUES (1, 2, 1, 1, '111.222.111-11', 2019);
INSERT INTO ACADEMICO_GRADE (ACG_CODIGO, ACG_CURSO, ACG_DISCIPLINA, ACG_SERIE, ACG_ACADEMICO, ACG_ANOLETIVO) VALUES (2, 2, 2, 2, '111.999.999-66', 2019);
INSERT INTO ACADEMICO_GRADE (ACG_CODIGO, ACG_CURSO, ACG_DISCIPLINA, ACG_SERIE, ACG_ACADEMICO, ACG_ANOLETIVO) VALUES (3, 2, 3, 3, '111.999.999-99', 2018);

COMMIT WORK;

INSERT INTO DEPARTAMENTOS (DEP_CODIGO, DEP_DESCRICAO) VALUES (1, 'ADMINISTRACAO');
INSERT INTO DEPARTAMENTOS (DEP_CODIGO, DEP_DESCRICAO) VALUES (2, 'INFORMATICA');
INSERT INTO DEPARTAMENTOS (DEP_CODIGO, DEP_DESCRICAO) VALUES (3, 'CIENCIAS CONTABEIS');
INSERT INTO DEPARTAMENTOS (DEP_CODIGO, DEP_DESCRICAO) VALUES (4, 'DIREITO');
INSERT INTO DEPARTAMENTOS (DEP_CODIGO, DEP_DESCRICAO) VALUES (5, 'EDUCACAO FISICA');
INSERT INTO DEPARTAMENTOS (DEP_CODIGO, DEP_DESCRICAO) VALUES (6, 'ENFERMAGEM');
INSERT INTO DEPARTAMENTOS (DEP_CODIGO, DEP_DESCRICAO) VALUES (7, 'TECNOLOGIA EM RECURSOS HUMANOS');
INSERT INTO DEPARTAMENTOS (DEP_CODIGO, DEP_DESCRICAO) VALUES (8, 'HISTORIA');
INSERT INTO DEPARTAMENTOS (DEP_CODIGO, DEP_DESCRICAO) VALUES (9, 'LETRAS');
INSERT INTO DEPARTAMENTOS (DEP_CODIGO, DEP_DESCRICAO) VALUES (10, 'PEDAGOGIA');

COMMIT WORK;

INSERT INTO HORARIOS (HOR_CODIGO, HOR_DESCRICAO, HOR_QTD_AULA, HOR_ORDEM_AULA, HOR_HORA_INICIO, HOR_HORA_FIM, HOR_DURACAO) VALUES (1, '1ª AULA - 19:00 ÀS 19:50 - DURACAO: 50MIN', 1, 1, '19:00:00', '19:50:00', '00:50:00');
INSERT INTO HORARIOS (HOR_CODIGO, HOR_DESCRICAO, HOR_QTD_AULA, HOR_ORDEM_AULA, HOR_HORA_INICIO, HOR_HORA_FIM, HOR_DURACAO) VALUES (2, '2ª AULA - 19:50 ÀS 20:40 - DURACAO: 50MIN', 1, 2, '19:50:00', '20:40:00', '00:50:00');
INSERT INTO HORARIOS (HOR_CODIGO, HOR_DESCRICAO, HOR_QTD_AULA, HOR_ORDEM_AULA, HOR_HORA_INICIO, HOR_HORA_FIM, HOR_DURACAO) VALUES (3, '3ª AULA - 20:50 ÀS 21:40 - DURACAO: 50MIN', 1, 3, '20:50:00', '21:40:00', '00:50:00');
INSERT INTO HORARIOS (HOR_CODIGO, HOR_DESCRICAO, HOR_QTD_AULA, HOR_ORDEM_AULA, HOR_HORA_INICIO, HOR_HORA_FIM, HOR_DURACAO) VALUES (4, '4ª AULA - 21:40 ÀS 22:30 - DURACAO: 50MIN', 1, 4, '21:40:00', '22:30:00', '00:50:00');

COMMIT WORK;

INSERT INTO PROFESSOR_HORARIO (PFH_CURSO, PFH_DISCIPLINA, PFH_SERIE, PFH_PROFESSOR, PFH_HORARIO, PFH_ANOLETIVO, PFH_DIADASEMANA) VALUES (2, 2, 2, '333.333.333-33', 1, 2019, 1);
INSERT INTO PROFESSOR_HORARIO (PFH_CURSO, PFH_DISCIPLINA, PFH_SERIE, PFH_PROFESSOR, PFH_HORARIO, PFH_ANOLETIVO, PFH_DIADASEMANA) VALUES (2, 2, 2, '333.333.333-33', 2, 2019, 1);
INSERT INTO PROFESSOR_HORARIO (PFH_CURSO, PFH_DISCIPLINA, PFH_SERIE, PFH_PROFESSOR, PFH_HORARIO, PFH_ANOLETIVO, PFH_DIADASEMANA) VALUES (2, 2, 2, '333.333.333-33', 3, 2019, 2);
INSERT INTO PROFESSOR_HORARIO (PFH_CURSO, PFH_DISCIPLINA, PFH_SERIE, PFH_PROFESSOR, PFH_HORARIO, PFH_ANOLETIVO, PFH_DIADASEMANA) VALUES (2, 2, 2, '333.333.333-33', 4, 2019, 2);
INSERT INTO PROFESSOR_HORARIO (PFH_CURSO, PFH_DISCIPLINA, PFH_SERIE, PFH_PROFESSOR, PFH_HORARIO, PFH_ANOLETIVO, PFH_DIADASEMANA) VALUES (2, 1, 1, '333.333.333-33', 3, 2019, 1);
INSERT INTO PROFESSOR_HORARIO (PFH_CURSO, PFH_DISCIPLINA, PFH_SERIE, PFH_PROFESSOR, PFH_HORARIO, PFH_ANOLETIVO, PFH_DIADASEMANA) VALUES (2, 1, 1, '333.333.333-33', 4, 2019, 1);
INSERT INTO PROFESSOR_HORARIO (PFH_CURSO, PFH_DISCIPLINA, PFH_SERIE, PFH_PROFESSOR, PFH_HORARIO, PFH_ANOLETIVO, PFH_DIADASEMANA) VALUES (2, 1, 1, '333.333.333-33', 1, 2019, 2);
INSERT INTO PROFESSOR_HORARIO (PFH_CURSO, PFH_DISCIPLINA, PFH_SERIE, PFH_PROFESSOR, PFH_HORARIO, PFH_ANOLETIVO, PFH_DIADASEMANA) VALUES (2, 1, 1, '333.333.333-33', 2, 2019, 2);

COMMIT WORK;



/******************************************************************************/
/***                              Primary Keys                              ***/
/******************************************************************************/

ALTER TABLE ACADEMICO_GRADE ADD CONSTRAINT PK_ACADEMICOGRADE PRIMARY KEY (ACG_CODIGO);
ALTER TABLE CURSOS ADD CONSTRAINT PK_CURSOS PRIMARY KEY (CUR_CODIGO);
ALTER TABLE DEPARTAMENTOS ADD CONSTRAINT PK_DEPARTAMENTOS PRIMARY KEY (DEP_CODIGO);
ALTER TABLE DISCIPLINAS ADD CONSTRAINT PK_DISCIPLINAS PRIMARY KEY (DIS_CODIGO);
ALTER TABLE FREQUENCIA ADD CONSTRAINT PK_FREQUENCIA PRIMARY KEY (FRE_CODIGO);
ALTER TABLE GRADE_CURRICULAR ADD CONSTRAINT PK_GRADECURRICULAR PRIMARY KEY (GRC_CURSO, GRC_DISCIPLINA, GRC_SERIE);
ALTER TABLE HORARIOS ADD CONSTRAINT PK_HORARIOS PRIMARY KEY (HOR_CODIGO);
ALTER TABLE PESSOAS ADD CONSTRAINT PK_PESSOAS PRIMARY KEY (PES_CPFCNPJ);
ALTER TABLE PROFESSOR_HORARIO ADD CONSTRAINT PK_PROFESSORHORARIO PRIMARY KEY (PFH_PROFESSOR, PFH_HORARIO, PFH_ANOLETIVO, PFH_DIADASEMANA);


/******************************************************************************/
/***                              Foreign Keys                              ***/
/******************************************************************************/

ALTER TABLE ACADEMICO_GRADE ADD CONSTRAINT FK_ACADGRADE_GRADECURRICULAR FOREIGN KEY (ACG_CURSO, ACG_DISCIPLINA, ACG_SERIE) REFERENCES GRADE_CURRICULAR (GRC_CURSO, GRC_DISCIPLINA, GRC_SERIE);
ALTER TABLE ACADEMICO_GRADE ADD CONSTRAINT FK_ACADGRADE_PESSOAS FOREIGN KEY (ACG_ACADEMICO) REFERENCES PESSOAS (PES_CPFCNPJ);
ALTER TABLE CURSOS ADD CONSTRAINT FK_CURSOS_DEPARTAMENTOS FOREIGN KEY (CUR_DEPARTAMENTO) REFERENCES DEPARTAMENTOS (DEP_CODIGO);
ALTER TABLE FREQUENCIA ADD CONSTRAINT FK_FREQ_ACADEMICOS FOREIGN KEY (FRE_ACADEMICO) REFERENCES PESSOAS (PES_CPFCNPJ);
ALTER TABLE FREQUENCIA ADD CONSTRAINT FK_FREQ_GRADECURRICULAR FOREIGN KEY (FRE_CURSO, FRE_DISCIPLINA, FRE_SERIE) REFERENCES GRADE_CURRICULAR (GRC_CURSO, GRC_DISCIPLINA, GRC_SERIE);
ALTER TABLE FREQUENCIA ADD CONSTRAINT FK_FREQ_HORARIO FOREIGN KEY (FRE_HORARIO) REFERENCES HORARIOS (HOR_CODIGO);
ALTER TABLE FREQUENCIA ADD CONSTRAINT FK_FREQ_PROFESSOR FOREIGN KEY (FRE_PROFESSOR) REFERENCES PESSOAS (PES_CPFCNPJ);
ALTER TABLE GRADE_CURRICULAR ADD CONSTRAINT FK_GRADECURRICULAR_CURSOS FOREIGN KEY (GRC_CURSO) REFERENCES CURSOS (CUR_CODIGO);
ALTER TABLE GRADE_CURRICULAR ADD CONSTRAINT FK_GRADECURRICULAR_DISCIPLINA FOREIGN KEY (GRC_DISCIPLINA) REFERENCES DISCIPLINAS (DIS_CODIGO);
ALTER TABLE PROFESSOR_HORARIO ADD CONSTRAINT FK_PROFHORARIO_GRADECURRICULAR FOREIGN KEY (PFH_CURSO, PFH_DISCIPLINA, PFH_SERIE) REFERENCES GRADE_CURRICULAR (GRC_CURSO, GRC_DISCIPLINA, GRC_SERIE);
ALTER TABLE PROFESSOR_HORARIO ADD CONSTRAINT FK_PROFHORARIO_HORARIO FOREIGN KEY (PFH_HORARIO) REFERENCES HORARIOS (HOR_CODIGO);
ALTER TABLE PROFESSOR_HORARIO ADD CONSTRAINT FK_PROFHORARIO_PESSOAS FOREIGN KEY (PFH_PROFESSOR) REFERENCES PESSOAS (PES_CPFCNPJ);
